factor,I,J,H,S,T,obj_value,first_stage_decision,best_lb,best_ub,cpu_s,num_vars,num_constrs,nodes,iterations,gap_pct,vss_pct,evpi_pct,test_id,axis,delta,omega_low,omega_high,seed,normalized,use_omega,use_kmeans,ev_obj,eev_obj,ws_obj,vss_abs,evpi_abs,n_open_ccp,wall_s,log_path,status,note
"K-means only U[0.8,1.2]",129,10,16,5,8,22085711.84,"CCP J02  -> X: 1, Staff(V): 37, Amb(U): 16, MedicalSupply(Y): 753.00
CCP J05  -> X: 1, Staff(V): 43, Amb(U): 13, MedicalSupply(Y): 834.00
CCP J06  -> X: 1, Staff(V): 41, Amb(U): 15, MedicalSupply(Y): 832.00
CCP J08  -> X: 1, Staff(V): 56, Amb(U): 17, MedicalSupply(Y): 1171.00
CCP J09  -> X: 1, Staff(V): 34, Amb(U): 13, MedicalSupply(Y): 667.00
CCP J10  -> X: 1, Staff(V): 28, Amb(U):  9, MedicalSupply(Y): 542.00",21536390.01,22085711.84,3600.51,186470,80058,1101,3214562,2.4872,2.5279,0.1997,spatial_only_d0p2_seed42,spatial_only,0.2,0.8,1.2,42,True,False,True,21989820.44,22644023.66,22041598.23,558311.82,44113.60,6,8597.5,C:\Amy\002 救護車調度和損壞道路修復決策\005 程式\Taipei Case Test_(06-28)\logs\east district stress test\SP_seed42_scen5_usedALL_period8_sample1p0_D1p0_R1p0_H1p0_tl3600p0_gap0p01_r03.log,OK,
"K-means only U[0.5,1.5]",129,10,16,5,8,22088428.86,"CCP J02  -> X: 1, Staff(V): 37, Amb(U): 14, MedicalSupply(Y): 732.00
CCP J05  -> X: 1, Staff(V): 42, Amb(U): 13, MedicalSupply(Y): 821.00
CCP J06  -> X: 1, Staff(V): 42, Amb(U): 16, MedicalSupply(Y): 872.00
CCP J08  -> X: 1, Staff(V): 56, Amb(U): 17, MedicalSupply(Y): 1179.00
CCP J09  -> X: 1, Staff(V): 35, Amb(U): 14, MedicalSupply(Y): 684.00
CCP J10  -> X: 1, Staff(V): 26, Amb(U):  9, MedicalSupply(Y): 502.00",21532482.80,22088428.86,3600.41,186470,80058,90,2032444,2.5169,2.5151,0.2522,spatial_only_d0p5_seed42,spatial_only,0.5,0.5,1.5,42,True,False,True,21984295.09,22643982.58,22032714.81,555553.72,55714.05,6,8615.1,C:\Amy\002 救護車調度和損壞道路修復決策\005 程式\Taipei Case Test_(06-28)\logs\east district stress test\SP_seed42_scen5_usedALL_period8_sample1p0_D1p0_R1p0_H1p0_tl3600p0_gap0p01_r03.log,OK,
"K-means only U[0.3,1.7]",129,10,16,5,8,NA,NA,NA,NA,NA,NA,NA,NA,NA,NA,NA,NA,spatial_only_d0p7_seed42,spatial_only,0.7,0.3,1.7,42,True,False,True,NA,NA,NA,NA,NA,NA,9.9,C:\Amy\002 救護車調度和損壞道路修復決策\005 程式\Taipei Case Test_(06-28)\logs\east district stress test\SP_seed42_scen5_usedALL_period8_sample1p0_D1p0_R1p0_H1p0_tl3600p0_gap0p01.log,FAIL,INFEASIBLE / no solution returned
